<?xml version="1.0" encoding="UTF-8"?>
<overviews>
	<book>
		<description><![CDATA[The S2FLex2-Components API Reference provides syntax, usage information, and code examples for every element in the FlexUnit ActionScript 3 library.]]></description>
	</book>
	<all-packages>
		<description><![CDATA[All Packages detailed description. Content TBD.]]></description>
	</all-packages>
	<all-classes>
		<description><![CDATA[Documentation for classes includes syntax, usage information, and code samples for methods, properties, and event handlers and listeners for MXML classes and for those APIs that belong to a specific class in ActionScript (as opposed to global functions or properties). The classes are listed alphabetically. If you are not sure to which class a certain method or property belongs, you can look it up in the Index.]]></description>
	</all-classes>
	<appendixes>
		<description><![CDATA[Appendixes detailed description. Content TBD.]]></description>
	</appendixes>
	<deprecated>
		<shortDescription><![CDATA[A list of deprecated items and suggested alternatives when available.]]></shortDescription>
		<description><![CDATA[The evolution of ActionScript has deprecated many elements of the language. This section lists the deprecated items and suggests alternatives when available. While deprecated elements still work, Macromedia recommends that you do not continue using deprecated elements in your code. Support of deprecated elements in the future is not guaranteed.]]></description>
	</deprecated>
	<mxmlOnly>
		<shortDescription><![CDATA[Short description of mxml only classes, content TBD.]]></shortDescription>
		<description><![CDATA[Detailed description of mxml only classes. Content TBD.]]></description>
	</mxmlOnly>
	<packages>
		<package name="org.seasar.flex2.net">
			<shortDescription><![CDATA[The org.seasar.flex2.net package contains the classes to support data formatting.]]></shortDescription>
			<description><![CDATA[The org.seasar.flex2.net package contains the classes to support data formatting.]]></description>
			<propertiesDescription><![CDATA[The org.seasar.flex2.net package properties description.]]></propertiesDescription>
			<functionsDescription><![CDATA[Package functions description.]]></functionsDescription>
		</package>
		<package name="org.seasar.flex2.rpc">
			<shortDescription><![CDATA[The org.seasar.flex2.rpc package contains the classes to support data validation.]]></shortDescription>
			<description><![CDATA[The org.seasar.flex2.rpc package contains the classes to support data validation.]]></description>
			<propertiesDescription><![CDATA[The org.seasar.flex2.rpc package properties description.]]></propertiesDescription>
			<functionsDescription><![CDATA[Package functions description.]]></functionsDescription>
		</package>
		<package name="org.seasar.flex2.rpc.remoting">
			<shortDescription><![CDATA[The org.seasar.flex2.rpc.remoting package contains the classes to support behaviors.]]></shortDescription>
			<description><![CDATA[The org.seasar.flex2.rpc.remoting package contains the classes to support behaviors.]]></description>
			<propertiesDescription><![CDATA[The org.seasar.flex2.rpc.remoting package properties description.]]></propertiesDescription>
			<functionsDescription><![CDATA[Package functions description.]]></functionsDescription>
		</package>
	</packages>
</overviews>
